No,English word,Russian translation,Kazakh translation
1,I / me / my,я / мне / мой,мен / маған / менің
2,you / you / your,ты (вы) / тебе (вам) / твой (ваш),сен(сіз) / саған(сізге) / сенің(сіздің)
3,he / him / his,он / ему / его,ол / оған / оның
4,she / her / her,она / ей / её,ол(әйел) / оған / оның
5,we / us / our,мы / нам / наш,біз / бізге / біздің
6,they / them / their,они / им / их,олар / оларға / олардың
7,it / it / its,оно / ему (ей) / его (её),ол(зат) / оған / оның
8,this,"этот, эта, это",бұл
9,that,"тот, та, то","анау, сол"
10,these,эти,бұлар
11,those,те,"солар, анаулар"
12,such,"такой, такая, такое","осындай, сондай"
13,here,здесь,мұнда
14,there,"там, туда","сонда, ол жерге"
15,then,затем,содан кейін
16,what,"что, какой","не, қандай"
17,who,кто,кім
18,which,который,қайсы
19,when,когда,қашан
20,where,"где, куда",қайда
21,why,почему,неге
22,how,как,қалай
23,how many / much,сколько,қанша
24,how long,как долго,"қаншалықты, қанша уақыт"
25,"a, an, the",артикли,артикльдер (тікелей баламасы жоқ)
26,"no, not","нет, никакой","жоқ, емес"
27,yes,да,иә
28,all,"все, весь, вся, всё","барлық, бәрі"
29,every,каждый,әрбір
30,another,другой,басқа (бір)
31,other,иной,өзге
32,some,некоторые,кейбір
33,any,"любой, какой-то",кез келген
34,each,каждый,әрқайсысы
35,together,вместе,бірге
36,few,мало (для исчисляемых),аз (санаулы)
37,little,мало (для неисчисляемых),аз (санаусыз)
38,many,много (для исчисляемых),көп (санаулы)
39,much,много (для неисчисляемых),көп (санаусыз)
40,less,меньше,азырақ
41,more,больше,көбірек
42,very,очень,өте
43,time,время,уақыт
44,present,настоящее,"осы шақ, қазіргі"
45,past,прошлое,өткен шақ
46,future,будущее,келер шақ
47,day,день,күн
48,week,неделя,апта
49,month,месяц,ай
50,year,год,жыл
51,century,век,ғасыр
52,season,сезон,"маусым, мезгіл"
53,autumn,осень,күз
54,winter,зима,қыс
55,spring,весна,көктем
56,summer,лето,жаз
57,morning,утро,"таң, ертең"
58,noon,полдень,түс
59,afternoon,время после полудня,түстен кейінгі уақыт
60,midday,середина дня / полдень,күннің ортасы / түс
61,evening,вечер,кеш
62,night,ночь,түн
63,midnight,полночь,түн ортасы
64,moment,мгновение,сәт
65,second,секунда,секунд
66,minute,минута,минут
67,hour,час,сағат
68,now,сейчас,қазір
69,never,никогда,ешқашан
70,forever,навсегда,мәңгі
71,often,часто,жиі
72,seldom / hardly ever,редко,сирек
73,sometimes,иногда,кейде
74,soon,скоро,"жақында, тез арада"
75,always,всегда,әрқашан
76,already,уже,қазірдің өзінде
77,yet,ещё,әлі
78,just,"только что, просто","жаңа ғана, жай ғана"
79,usually,обычно,әдетте
80,after,после,кейін
81,today,сегодня,бүгін
82,yesterday,вчера,кеше
83,tomorrow,завтра,ертең
84,tonight,сегодня вечером / ночью,бүгін кешке / түнде
85,late,"поздно, поздний",кеш
86,early,рано,ерте
87,since,"с, после",бастап
88,before,до,бұрын
89,ago,тому назад,"бұрын (мысалы, бес жыл бұрын)"
90,after,после,кейін
91,again,снова,"қайта, тағы"
92,also / too,тоже,"да, де"
93,almost,почти,дерлік
94,enough,достаточно,жеткілікті
95,probably,возможно,мүмкін
96,maybe,может быть,"мүмкін, бәлкім"
97,Monday,понедельник,дүйсенбі
98,Tuesday,вторник,сейсенбі
99,Wednesday,среда,сәрсенбі
100,Thursday,четверг,бейсенбі
101,Friday,пятница,жұма
102,Saturday,суббота,сенбі
103,Sunday,воскресенье,жексенбі
104,January,январь,қаңтар
105,February,февраль,ақпан
106,March,март,наурыз
107,April,апрель,сәуір
108,May,май,мамыр
109,June,июнь,маусым
110,July,июль,шілде
111,August,август,тамыз
112,September,сентябрь,қыркүйек
113,October,октябрь,қазан
114,November,ноябрь,қараша
115,December,декабрь,желтоқсан
116,zero,ноль,нөл
117,one (first),один (первый),бір (бірінші)
118,two (second),два (второй),екі (екінші)
119,three (third),три (третий),үш (үшінші)
120,four (fourth),четыре (четвёртый),төрт (төртінші)
121,five (fifth),пять (пятый),бес (бесінші)
122,six (sixth),шесть (шестой),алты (алтыншы)
123,seven (seventh),семь (седьмой),жеті (жетінші)
124,eight (eighth),восемь (восьмой),сегіз (сегізінші)
125,nine (ninth),девять (девятый),тоғыз (тоғызыншы)
126,ten (tenth),десять (десятый),он (оныншы)
127,eleven,одиннадцать,он бір
128,twelve,двенадцать,он екі
129,thirteen,тринадцать,он үш
130,fourteen,четырнадцать,он төрт
131,fifteen,пятнадцать,он бес
132,sixteen,шестнадцать,он алты
133,seventeen,семнадцать,он жеті
134,eighteen,восемнадцать,он сегіз
135,nineteen,девятнадцать,он тоғыз
136,twenty,двадцать,жиырма
137,thirty,тридцать,отыз
138,forty,сорок,қырық
139,fifty,пятьдесят,елу
140,sixty,шестьдесят,алпыс
141,seventy,семьдесят,жетпіс
142,eighty,восемьдесят,сексен
143,ninety,девяносто,тоқсан
144,(a / one) hundred,сто,жүз
145,(a / one) thousand,тысяча,мың
146,million,миллион,миллион
147,billion,миллиард,миллиард
148,number,число,сан
149,number / figure,цифра,цифр
150,quantity,количество,"мөлшер, саны"
151,couple,пара,"жұп, екеу"
152,at,"у, около, в, на","-да / -де, қасында"
153,in,"в, на, за, через","ішінде, -да / -де"
154,on,на,үстінде
155,from,"из, с, со, от",-дан / -ден
156,into,"в, вовнутрь",ішіне
157,about,"о, вокруг, у, по",туралы
158,against,"против, лицом к, на",қарсы
159,to,"к, на, в","-ға / -ге, қарай"
160,and,и,және
161,or,или,немесе
162,but,но,бірақ
163,yet,однако,алайда
164,because of,"из-за, потому что",себебінен
165,instead of,вместо,орнына
166,if,если,егер
167,near,около,жанында
168,over,над,үстінен
169,under,под,астында
170,between,между,арасында
171,among,среди,арасында (көп нәрсенің)
172,behind,за,артында
173,off,"с, от",-дан (алыстау)
174,by,к,"арқылы, жанында"
175,for / during,в течение,"ішінде, бойы"
176,so,"поэтому, так","сондықтан, солай"
177,with,с,"бірге, -мен"
178,without,без,-сыз
179,until,"до тех пор, пока",дейін
180,up,вверх,жоғары
181,down,вниз,төмен
182,through,"сквозь, через",арқылы
183,person (pl. people),человек (люди),адам (адамдар)
184,man (pl. men),мужчина (мужчины),ер адам (ер адамдар)
185,woman (pl. women),женщина (женщины),әйел (әйелдер)
186,child (pl. children),ребёнок (дети),бала (балалар)
187,boy,мальчик,ұл бала
188,girl,девочка,қыз бала
189,guy,парень,жігіт
190,parents,родители,ата-ана
191,father,отец,әке
192,mother,мать,ана
193,son,сын,ұл
194,daughter,дочь,қыз
195,brother,брат,аға / іні
196,sister,сестра,апа / қарындас
197,grandfather,дедушка,ата
198,grandmother,бабушка,әже
199,family,семья,отбасы
200,relationship,отношения,қарым-қатынас
201,husband,муж,күйеу
202,wife,жена,"әйелі, зайыбы"
203,uncle,дядя,"ағай, нағашы"
204,aunt,тётя,"апай, тәте"
205,nephew,племянник,жиен (ер бала)
206,niece,племянница,жиен (қыз)
207,cousin,двоюродный брат / сестра,немере аға / қарындас
208,friend,друг,дос
209,neighbour,сосед,көрші
210,name,"имя, название","есім, атау"
211,surname,фамилия,"тегі, фамилия"
212,address,адрес,мекенжай
213,age,возраст,жас (шамасы)
214,old,старый,"кәрі, ескі"
215,young,молодой,жас
216,adult,взрослый,ересек
217,married (unmarried),женатый (неженатый),үйленген (үйленбеген)
218,single,"холостой, одинокий","бойдақ, жалғыз"
219,divorced,разведённый,ажырасқан
220,life,жизнь,өмір
221,death,смерть,өлім
222,body,тело,дене
223,head,голова,бас
224,face,лицо,бет
225,eye,глаз,көз
226,nose,нос,мұрын
227,shoulder,плечо,иық
228,mouth,рот,ауыз
229,"hand, arm",рука,қол
230,leg,нога,аяқ
231,foot,ступня,табан
232,heart,сердце,жүрек
233,hair,волосы,шаш
234,skin,кожа,тері
235,blood,кровь,қан
236,thigh,бедро,сан
237,health,здоровье,денсаулық
238,vision,зрение,көру қабілеті
239,appearance,внешность,сырт келбет
240,height,рост,бой
241,tall,"высокий, длинный",ұзын бойлы
242,short,"низкий, короткий",аласа бойлы
243,thin,худой,арық
244,"thick, fat",толстый,семіз
245,nice,милый,жағымды
246,beautiful,красивый,әдемі
247,ugly,безобразный,ұсқынсыз
248,feeling,чувство,сезім
249,love,любовь,махаббат
250,joy,радость,қуаныш
251,fear,страх,қорқыныш
252,shame,стыд,ұят
253,sadness,грусть,"мұң, қайғы"
254,anger,злость,ашу
255,care,забота,қамқорлық
256,lie,ложь,өтірік
257,beauty,красота,сұлулық
258,pain,боль,ауырсыну
259,kind,добрый,мейірімді
260,active,активный,белсенді
261,strong,сильный,күшті
262,calm,спокойный,байсалды
263,serious,серьёзный,"байсалды, елеулі"
264,clever / smart,умный,ақылды
265,stupid,глупый,ақымақ
266,poor,бедный,кедей
267,rich,богатый,бай
268,interesting,интересный,қызықты
269,good,хороший,жақсы
270,happy,счастливый,бақытты
271,dead,мёртвый,өлі
272,wise,мудрый,дана
273,clothes,одежда,киім
274,jeans,джинсы,джинсы
275,trousers / pants,"брюки, штаны",шалбар
276,dress,платье,көйлек
277,shirt,рубашка,жейде
278,skirt,юбка,юбка
279,shorts,шорты,шорт
280,jacket,"куртка, пиджак","күртеше, пиджак"
281,coat,пальто,пальто
282,T-shirt,футболка,футболка
283,blouse,блузка,блузка
284,sweater,свитер,свитер
285,scarf,шарф,шарф
286,shoes,"туфли, обувь",аяқкиім
287,boots,ботинки,етік
288,hat,шляпа,қалпақ
289,cap,кепка,кепка
290,sock,носок,шұлық
291,glove,перчатка,қолғап
292,suit,костюм,костюм
293,underwear,нижнее бельё,ішкиім
294,size,размер,өлшем
295,image,образ,"бейне, келбет"
296,job / work,работа,жұмыс
297,profession,профессия,мамандық
298,career,карьера,мансап
299,teacher,"учитель, преподаватель",мұғалім
300,musician,музыкант,музыкант
301,seller,продавец,сатушы
302,businessman,бизнесмен,бизнесмен
303,artist,художник,суретші
304,doctor,"доктор, врач",дәрігер
305,journalist,журналист,журналист
306,worker,рабочий,жұмысшы
307,farmer,фермер,фермер
308,actor,актёр,актер
309,actress,актриса,актриса
310,author,автор,автор
311,writer,писатель,жазушы
312,manager,менеджер,менеджер
313,military man,военный,әскери
314,cook,повар,аспаз
315,driver,водитель,жүргізуші
316,assistant,помощник,көмекші
317,singer,певец,әнші
318,lawyer,юрист,заңгер
319,waiter,официант,"даяршы, официант"
320,training,обучение,"оқыту, дайындық"
321,question,вопрос,сұрақ
322,answer,ответ,жауап
323,skill,навык,дағды
324,advice,совет,кеңес
325,experience,опыт,тәжірибе
326,firm,фирма,фирма
327,company,компания,компания
328,business,"бизнес, деловой","бизнес, іскерлік"
329,document,документ,құжат
330,data,данные,деректер
331,information,информация,ақпарат
332,case,дело,іс
333,process,процесс,"процесс, үдеріс"
334,offer,предложение,ұсыныс
335,decision,решение,шешім
336,reason,причина,себеп
337,opportunity,возможность,мүмкіндік
338,shop,магазин,дүкен
339,market,рынок,"базар, нарық"
340,office,офис,кеңсе
341,boss,босс,бастық
342,colleague,коллега,әріптес
343,meeting,встреча,"кездесу, жиналыс"
344,police,полиция,полиция
345,hospital,больница,аурухана
346,bank,банк,банк
347,cabinet,кабинет,кабинет
348,success,успех,табыс
349,money,деньги,ақша
350,situation,ситуация,жағдай
351,accident,случай / происшествие,"оқиға, апат"
352,problem,проблема,мәселе
353,aim / goal,цель,мақсат
354,result,результат,нәтиже
355,vacation,отпуск,демалыс
356,art,искусство,өнер
357,song,песня,ән
358,picture,изображение,сурет
359,idea,идея,идея
360,thought,мысль,ой
361,society,общество,қоғам
362,politics,политика,саясат
363,website,сайт,сайт
364,email,электронная почта,электрондық пошта
365,link,ссылка,сілтеме
366,network,сеть,желі
367,hobby,увлечение,хобби
368,game,игра,ойын
369,sport,спорт,спорт
370,power,сила,"күш, билік"
371,student,"студент, ученик","студент, оқушы"
372,university,университет,университет
373,school,школа,мектеп
374,college,колледж,колледж
375,lesson,урок,сабақ
376,knowledge,знания,білім
377,education,образование,білім беру
378,science,наука,ғылым
379,book,книга,кітап
380,copybook,тетрадь,дәптер
381,page,страница,бет
382,pencil,карандаш,қарындаш
383,pen,ручка,қалам
384,grammar,грамматика,грамматика
385,speaking,разговорный (английский),ауызекі (ағылшын)
386,article,статья,мақала
387,learning,изучение,"үйрену, оқу"
388,school uniforms,школьная форма,мектеп формасы
389,course,курс,курс
390,word,слово,сөз
391,noun,существительное,зат есім
392,verb,глагол,етістік
393,modal verb,модальный глагол,модаль етістік
394,adjective,прилагательное,сын есім
395,sentence,предложение,сөйлем
396,subject,предмет,пән
397,homework,домашняя работа,үй тапсырмасы
398,table,таблица,кесте
399,practice,практика,практика
400,foreign language,иностранный язык,шет тілі
401,English,английский,ағылшын тілі
402,Russian,русский,орыс тілі
403,task,задача,тапсырма
404,rule,правило,ереже
405,theory,теория,теория
406,list,список,тізім
407,dictionary,словарь,сөздік
408,vocabulary,словарный запас,сөздік қор
409,content,содержание,мазмұн
410,paper,бумага,қағаз
411,meaning / sense,"значение, смысл",мағына
412,bell,звонок,қоңырау
413,behaviour,поведение,мінез-құлық
414,stage,этап,кезең
415,option,вариант,нұсқа
416,degree,степень,дәреже
417,test,тест,тест
418,exercise,упражнение,жаттығу
419,exam,экзамен,емтихан
420,statement,утверждение,мәлімдеме
421,mistake,ошибка,қате
422,memory,память,есте сақтау
423,part,часть,бөлік
424,example,пример,мысал
425,lexicon,лексикон,лексика
426,history,история,тарих
427,literature,литература,әдебиет
428,math,математика,математика
429,music,музыка,музыка
430,note,нота,нота
431,holidays,каникулы,"демалыс күндер, каникул"
432,journal / magazine,журнал,журнал
433,base,"база, основа",негіз
434,story,рассказ,әңгіме
435,group,группа,топ
436,choice,выбор,таңдау
437,point,"пункт, точка","тармақ, нүкте"
438,colour,цвет,түс
439,light,светлый,ашық (түс)
440,dark,тёмный,"қараңғы, күңгірт"
441,bright,яркий,жарқын
442,white,белый,ақ
443,black,чёрный,қара
444,red,красный,қызыл
445,orange,оранжевый,қызғылт сары
446,yellow,жёлтый,сары
447,green,зелёный,жасыл
448,blue,"голубой, синий",көк
449,purple,"пурпурный, фиолетовый",күлгін
450,violet,тёмно-фиолетовый,қою күлгін
451,pink,розовый,қызғылт
452,brown,коричневый,қоңыр
453,grey (gray),серый,сұр
454,silver,серебристый,күмістей
455,gold,золотой,алтын түсті
456,clean,чистый,таза
457,dirty,грязный,лас
458,good,хороший,жақсы
459,well,хорошо,жақсы (үстеу)
460,bad,плохой,жаман
461,big / large,большой,үлкен
462,small,маленький,кіші
463,huge,огромный,"өте үлкен, алып"
464,average,средний,орташа
465,cheap,дешёвый,арзан
466,expensive,дорогой,қымбат
467,free,"бесплатный, свободный","тегін, еркін"
468,hard,твёрдый,қатты
469,soft,мягкий,жұмсақ
470,smooth,гладкий,тегіс
471,warm,тёплый,жылы
472,cold,холодный,суық
473,hot,горячий,ыстық
474,new,новый,жаңа
475,normal,нормальный,қалыпты
476,open,открытый,ашық
477,closed,закрытый,жабық
478,natural,"натуральный, природный",табиғи
479,medical,медицинский,медициналық
480,long,длинный,ұзын
481,short,короткий,қысқа
482,full,полный,толық
483,great,"великий, огромный, отличный","керемет, ұлы"
484,important,важный,маңызды
485,political,политический,саяси
486,quick,быстрый,тез
487,ready,готовый,дайын
488,regular,регулярный,"тұрақты, жүйелі"
489,right,"правый, правильный","оң, дұрыс"
490,left,левый,сол
491,wrong,неправильный,қате
492,difficult,сложный,қиын
493,simple,простой,қарапайым
494,round,круглый,дөңгелек
495,modern,современный,заманауи
496,social,социальный,әлеуметтік
497,responsible,ответственный,жауапты
498,probable,вероятный,ықтимал
499,next,следующий,келесі
500,different,"разный, различный",әртүрлі
501,easy,лёгкий,оңай
502,foreign,иностранный,шетелдік
503,real,"реальный, настоящий",шынайы
504,amazing,удивительный,"тамаша, керемет"
505,far,далёкий,алыс
506,close,близкий,жақын
507,main,"главный, основной",негізгі
508,last,последний,соңғы
509,only,"единственный, только","жалғыз, тек қана"
510,available,доступный,қолжетімді
511,elementary,"элементарный, начальный","бастапқы, қарапайым"
512,general,общий,жалпы
513,same,одинаковый,бірдей
514,some,некоторый,кейбір
515,current,текущий,қазіргі
516,public,общественный,қоғамдық
517,perfect,идеальный,"тамаша, кемел"
518,the most,самый,ең
519,to be,быть,болу
520,have,иметь,ие болу
521,do,"делать, сделать",істеу
522,say,сказать,айту
523,get,получать,алу
524,find,находить,табу
525,tell,рассказывать,"айту, баяндау"
526,ask,спрашивать,сұрау
527,use,"использовать, воспользоваться",қолдану
528,come,приходить,келу
529,know,знать,білу
530,go,идти,"бару, жүру"
531,make,создавать,жасау
532,give,давать,беру
533,want,хотеть,қалау
534,look,смотреть,қарау
535,think,думать,ойлау
536,take,"брать, взять",алу
537,see,видеть,көру
538,work,работать,жұмыс істеу
539,try,"стараться, пытаться",тырысу
540,leave,"оставлять, покидать, уходить","кету, қалдыру"
541,need,нуждаться,"керек болу, мұқтаж болу"
542,seem,казаться,көрінеу
543,become,становиться,"болу, айналу"
544,call,звонить,қоңырау шалу
545,feel,чувствовать,сезіну
546,put,класть,қою
547,keep,сохранять,сақтау
548,help,помогать,көмектесу
549,begin,начинать,бастау
550,walk,гулять,"жүру, серуендеу"
551,close,закрывать,жабу
552,open,открывать,ашу
553,let,позволять,рұқсат ету
554,grow,расти,өсу
555,mean,иметь в виду,білдіру
556,believe,"верить, полагать",сену
557,play,играть,ойнау
558,happen,случаться,"болу, орын алу"
559,include,включать,"қосу, қамту"
560,set,устанавливать,орнату
561,hear,слышать,есту
562,change,менять,өзгерту
563,create,создавать,"жасау, құру"
564,appear,появляться,пайда болу
565,disappear,исчезать,жоғалу
566,stand,стоять,тұру
567,sit,сидеть,отыру
568,serve,служить,қызмет ету
569,run,бежать,жүгіру
570,remember,помнить,"есте сақтау, есіне түсіру"
571,buy,покупать,сатып алу
572,bring,приносить,әкелу
573,win,выигрывать,жеңу
574,learn,"учить, изучать",үйрену
575,live,жить,өмір сүру
576,continue,продолжать,жалғастыру
577,meet,"встречать, встречаться",кездесу
578,show,показывать,көрсету
579,allow,позволять,рұқсат ету
580,write,писать,жазу
581,read,читать,оқу
582,lose,"терять, проигрывать","жоғалту, ұту"
583,offer,предлагать,ұсыну
584,follow,следовать,еру
585,teach,"преподавать, обучать",оқыту
586,pay,платить,төлеу
587,speak,говорить,сөйлеу
588,stop,"прекращать, останавливать",тоқтату
589,start,начинать,бастау
590,finish,заканчивать,аяқтау
591,watch,смотреть,қарау (көру)
592,develop,развивать,дамыту
593,fall,падать,құлау
594,pass,"проходить, проезжать, сдавать",өту
595,produce,производить,өндіру
596,support,поддерживать,қолдау
597,thank,благодарить,алғыс айту
598,provide,"снабжать, предоставлять",қамтамасыз ету
599,raise,поднимать,көтеру
600,add,добавлять,қосу
601,agree,соглашаться,келісу
602,understand,понимать,түсіну
603,receive,получать,алу
604,jump,прыгать,секіру
605,choose,выбирать,таңдау
606,hope,надеяться,үміттену
607,draw,рисовать,сурет салу
608,decide,решать,шешім қабылдау
609,break,ломать,сындыру
610,send,отправлять,жіберу
611,build,строить,салу
612,eat,есть (кушать),жеу
613,hit,"ударять, бить","соғу, ұру"
614,die,умирать,өлу
615,catch,ловить,ұстау
616,swim,плавать,жүзу
617,sell,продавать,сату
618,return,возвращаться,қайту
619,kill,убивать,өлтіру
620,explain,объяснять,түсіндіру
621,stay,оставаться,қалу
622,cut,резать,кесу
623,solve,решать проблему,шешу
624,love,любить,жақсы көру
625,discuss,обсуждать,талқылау
626,achieve,достигать,"жету, қол жеткізу"
627,prepare,готовиться,дайындалу
628,forget,забывать,ұмыту
629,suggest,предлагать,ұсыну
630,depend,зависеть,тәуелді болу
631,translate,переводить,аудару
632,cook,готовить,тамақ дайындау
633,study,"учиться, заниматься","оқу, зерттеу"
634,answer,отвечать,жауап беру
635,smile,улыбаться,күлімсіреу
636,repeat,повторять,қайталау
637,join,присоединяться,қосылу
638,end,заканчивать,аяқтау
639,order,"заказывать, приказывать","тапсырыс беру, бұйыру"
640,plan,"планировать, план",жоспарлау
641,dance,танцевать,би билеу
642,wear,носить,кию
643,lie,"лежать, лгать","жату, өтірік айту"
644,cry,плакать,жылау
645,drink,пить,ішу
646,visit,посещать,"бару, қонаққа бару"
647,drive,водить,жүргізу
648,wish,желать,тілеу
649,sing,петь,ән айту
650,fly,летать,ұшу
651,hold,держать,ұстау
652,talk,"болтать, поговорить",сөйлесу
653,fear,бояться,қорқу
654,turn,поворачивать,бұрылу
655,search,искать,іздеу
656,listen,слушать,тыңдау
657,connect,соединять,байланыстыру
658,travel,путешествовать,саяхаттау
659,accept,принимать,қабылдау
660,consume,употреблять,тұтыну
661,recognize,узнавать,тану
662,protect,защищать,қорғау
663,memorize,запоминать,жаттау
664,share,делиться,бөлісу
665,sleep,"спать, сон",ұйықтау
666,like,нравиться,ұнату
667,expect,ожидать,күту
668,spend,"тратить, проводить",жұмсау
669,enjoy,наслаждаться,ләззат алу
670,need,нуждаться,қажет ету
671,consist,состоять,құралу
672,publish,опубликовывать,жариялау
673,arrive,прибывать,"келу, жету"
674,drop / throw,бросать,лақтыру
675,dream,мечтать,армандау
676,wait,ждать,күту
677,laugh,смеяться,күлу
678,miss,скучать,сағыну
679,fight,бороться,күресу
680,save,сохранить,сақтау
681,describe,описывать,сипаттау
682,push,толкать,итеру
683,approach,подходить,жақындау
684,move,двигаться,қозғалу
685,change,менять,өзгеру
686,control,контролировать,бақылау
687,complement,дополнять,толықтыру
688,recommend,рекомендовать,ұсыну (кеңес беру)
689,apologize,извиняться,кешірім сұрау
690,forgive,прощать,кешіру
691,download,скачать,жүктеу
692,practice,практиковать,жаттығу жасау
693,advise,советовать,кеңес беру
694,determine,определять,анықтау
695,worry,беспокоиться,алаңдау
696,communicate,общаться,қарым-қатынас жасау
697,sign,подписывать,қол қою
698,store,хранить,сақтау
699,compare,сравнивать,салыстыру
700,"name, call",называть,атау
701,pull,тянуть,тарту
702,lead,вести,"жетелеу, бастау"
703,appear,выглядеть,көрінеу
704,check,проверять,тексеру
705,lay,класть,"қою, жату"
706,can,"мочь, уметь","білу, мүмкіндігі болу"
707,could,"мог, умел (в прошлом)",білетін еді (өткенде)
708,must,"должен, надо, нужно","міндетті түрде, керек"
709,need,нужно,қажет
710,have to,"приходится, надо, быть должным","тура келеді, керек"
711,may,"стоит, следует","мүмкін, рұқсат"
712,might,"должен, следует, стоит",мүмкін
713,should,"следует, следовало бы","керек, тиіс"
714,shall / will,предложение помощи,көмек ұсыну
715,dare,"сметь, посметь","батылы жету, батылдық"
716,be allowed to,разрешить,рұқсат етілу
717,let,позволить,рұқсат ету
718,would,"вероятно, желать, бывает","шамамен, қалау білдіру"
719,ought to,"мочь, мог бы","тиіс, керек"
720,used to,описание регулярно повторявшегося в прошлом действия,өткенде тұрақты қайталанған әрекетті білдіреді
721,be able to,смочь (в будущем),болашақта істей алу
722,do / does,вспомогательный глагол Present Simple,Present Simple көмекші етістігі
723,am / is / are,вспомогательный глагол Present Continuous,Present Continuous көмекші етістігі
724,did,вспомогательный глагол Past Simple,Past Simple көмекші етістігі
725,was / were,вспомогательный глагол Past Continuous,Past Continuous көмекші етістігі
726,will,вспомогательный глагол Future Simple/Continuous,Future Simple/Continuous көмекші етістігі
727,have / has,вспомогательный глагол Present Perfect,Present Perfect көмекші етістігі
728,had,вспомогательный глагол Past Perfect,Past Perfect көмекші етістігі
729,be in,быть дома,үйде болу
730,be out,"отсутствовать, быть не дома","сыртта болу, үйде жоқ болу"
731,break down,сломаться,бұзылу
732,break up,разбивать,"бөліну, айырылысу"
733,clean up,"чистить, убирать",тазалау
734,check in,регистрироваться в отеле,қонақүйге тіркелу
735,call off,отменить,"бас тарту, тоқтату"
736,call for,"звать, созывать, призывать",шақыру
737,carry on,продолжать,жалғастыру
738,cross over,переходить,өту (жол)
739,come back,возвращаться,қайту
740,come in,входить,кіру
741,come on,Давай! Пошли!,Жүр! Тезірек!
742,find out,"узнавать, выяснять","білу, анықтау"
743,get up,вставать с постели,тұру (ұйқыдан)
744,give up,"отказаться, сдаться",бас тарту
745,go on,"продолжать, происходить","жалғастыру, болу"
746,go away,уезжать,кету
747,grow up,"вырастать, становиться взрослым","өсу, есею"
748,hold on,«висеть» на телефоне,телефонда күту
749,look for,искать,іздеу
750,look up,искать в книге,кітаптан іздеу
751,make up,"придумать, гримировать","ойлап табу, макияж жасау"
752,pay off,расплатиться,өтеу (қарызды)
753,pick up,"поднять, познакомиться","көтеру, танысу"
754,point out,указывать,"көрсету, назар аудару"
755,put up,"поднимать, возводить","көтеру, орнату"
756,set up,"основать, установить","құру, орнату"
757,sign up,записываться,тіркелу
758,sit down,сесть,отыру
759,switch on / turn on,включать,қосу
760,switch off / turn off,выключить,өшіру
761,think over,обдумать,ойлану
762,turn up,появляться,пайда болу
763,wake up,просыпаться,ояну
764,write down,записывать,жазып алу
765,food,"еда, пища","тамақ, азық"
766,breakfast,завтрак,таңғы ас
767,dinner,обед,түскі ас
768,lunch,ланч,түскі ас (жеңіл)
769,supper,ужин,кешкі ас
770,apple,яблоко,алма
771,apricot,абрикос,өрік
772,banana,банан,банан
773,beef,говядина,сиыр еті
774,beefsteak,бифштекс,бифштекс
775,berry,ягода,жидек
776,beet,свёкла,қызылша
777,bread,хлеб,нан
778,butter,сливочное масло,сары май
779,cabbage,капуста,қырыққабат
780,cake,"торт, кекс, пирожное",торт
781,carrot,морковь,сәбіз
782,caviar,икра,уылдырық
783,cheese,сыр,ірімшік
784,chicken,"цыплёнок, курятина",тауық еті
785,chocolate,шоколад,шоколад
786,corn,кукуруза,жүгері
787,cucumber,огурец,қияр
788,egg,яйцо,жұмыртқа
789,fish,рыба,балық
790,flour,мука,ұн
791,fruit,фрукты,жеміс
792,garlic,чеснок,сарымсақ
793,goose,гусь,қаз
794,ice-cream,мороженое,балмұздақ
795,jam,"джем, варенье","тәтті сироп, джем"
796,lemon,лимон,лимон
797,liver,печень,бауыр
798,meat,мясо,ет
799,milk,молоко,сүт
800,melon,дыня,қауын
801,mushroom,гриб,саңырауқұлақ
802,nut,орех,жаңғақ
803,oil,растительное масло,өсімдік майы
804,omelette,омлет,омлет
805,onion,лук,пияз
806,orange,апельсин,апельсин
807,pancakes,"блины, оладьи",құймақ
808,peach,персик,шабдалы
809,pear,груша,алмұрт
810,pepper,перец,бұрыш
811,pie,пирог,пирог
812,pine-apple,ананас,ананас
813,potatoes,картофель,картоп
814,sugar,сахар,қант
815,rice,рис,күріш
816,salad,салат,салат
817,salt,соль,тұз
818,sandwich,"бутерброд, сандвич",бутерброд
819,sausage,сосиска,"шұжық, сосиска"
820,shrimp,креветка,"асшаян, креветка"
821,cherry,вишня,шие
822,soup,суп,"көже, сорпа"
823,tomato,помидор,қызанақ
824,vanilla,ваниль,ваниль
825,yogurt,йогурт,йогурт
826,water melon,арбуз,қарбыз
827,dish,блюдо,тағам
828,drink,напиток,сусын
829,juice,сок,шырын
830,coffee,кофе,кофе
831,tea,чай,шай
832,dessert,десерт,десерт
833,snack,закуска,"жеміс-жидек, жеңіл тағам"
834,tableware,посуда,ыдыс
835,cup,чашка,кесе
836,fork,вилка,шанышқы
837,spoon,ложка,қасық
838,glass,стакан,стакан
839,kettle,чайник,шәйнек
840,knife,нож,пышақ
841,bowl,миска,тостаған
842,plate,тарелка,табақ
843,saucepan,кастрюля,кастрөл
844,blender,блендер,блендер
845,microwave (oven),микроволновка,микротолқынды пеш
846,plate (stove),плита,плита
847,refrigerator / fridge,холодильник,тоңазытқыш
848,kitchen table,кухонный стол,ас үй үстелі
849,fry,жарить,қуыру
850,boil,варить,қайнату
851,grill,готовить на гриле,грильде пісіру
852,stew,тушить,қайнатып пісіру
853,portion,порция,үлес
854,volume,объём,көлем
855,taste,вкус,дәм
856,tasty,вкусный,дәмді
857,bitter,горький,ащы
858,creamy,сливочный,кремді
859,sweet,сладкий,тәтті
860,sour,кислый,қышқыл
861,spicy,острый,ащы (дәмдіауыш)
862,salty,солёный,тұзды
863,raw,сырой,шикі
864,fresh,свежий,"жаңа піскен, жаңа"
865,home / house,дом,үй
866,building,здание,ғимарат
867,room,комната,бөлме
868,kitchen,кухня,ас үй
869,bedroom,спальня,жатын бөлме
870,bathroom,ванная,жуынатын бөлме
871,thing,вещь,зат
872,furniture,мебель,жиһаз
873,armchair,кресло,кресло
874,bed,кровать,төсек
875,chair,стул,орындық
876,key,ключ,кілт
877,table,стол,үстел
878,soap,мыло,сабын
879,computer,компьютер,компьютер
880,telephone / phone,телефон,телефон
881,radio,радио,радио
882,TV,телевизор,теледидар
883,shelf,полка,сөре
884,sofa,диван,диван
885,curtains,"занавески, шторы",перде
886,ball,мяч,доп
887,box,"коробка, ящик",қорап
888,party,вечеринка,"кеш, той"
889,door,дверь,есік
890,ceiling,потолок,төбе (үй ішінде)
891,floor,"пол, этаж","еден, қабат"
892,wall,стена,қабырға
893,window,окно,терезе
894,camera,камера,камера
895,guest,гость,қонақ
896,order,порядок,тәртіп
897,mess,беспорядок,ретсіздік
898,travel / journey,путешествие,саяхат
899,place,место,орын
900,country,страна,ел
901,city,большой город,үлкен қала
902,town,небольшой город,шағын қала
903,hotel,отель,қонақүй
904,street,улица,көше
905,car,"машина, авто","көлік, машина"
906,bus,автобус,автобус
907,acquaintance,знакомство,таныстық
908,communication,общение,қарым-қатынас
909,foreigner,иностранец,шетелдік
910,price,цена,баға
911,cost,стоимость,құн
912,ticket,билет,билет
913,bicycle / bike,велосипед,велосипед
914,map,карта,карта
915,park,парк,саябақ
916,square,площадь,алаң
917,museum,музей,мұражай
918,theatre,театр,театр
919,scene,сцена,"көрініс, сахна"
920,palace,дворец,сарай
921,church,церковь,шіркеу
922,centre,центр,орталық
923,traveller / traveler,путешественник,саяхатшы
924,tourist,турист,турист
925,bag,сумка,сөмке
926,contact,контакт,байланыс
927,feedback,отзыв,пікір
928,restaurant,ресторан,мейрамхана
929,cafe,кафе,кафе
930,cinema,кинотеатр,кинотеатр
931,film / movie,кинофильм,фильм
932,queue / line,очередь,кезек
933,help,помощь,көмек
934,letter,письмо,хат
935,message,сообщение,хабарлама
936,purchase,покупка,сатып алу
937,attention,внимание,назар
938,card,карта,карта
939,account,счёт,шот
940,movement,движение,қозғалыс
941,step,шаг,қадам
942,program,программа,бағдарлама
943,direction,направление,бағыт
944,station,станция,"вокзал, стансa"
945,blog,блог,блог
946,action,действие,әрекет
947,road / way,"дорога, путь",жол
948,rest,отдых,демалыс
949,risk,риск,тәуекел
950,border,граница,шекара
951,event,событие,"оқиға, іс-шара"
952,world,мир,әлем
953,peace,"мир, покой","бейбітшілік, тыныштық"
954,weather,погода,ауа райы
955,nature,природа,табиғат
956,water,вода,су
957,air,воздух,ауа
958,earth / land,земля,жер
959,fire,огонь,от
960,ice,лёд,мұз
961,sea,море,теңіз
962,ocean,океан,мұхит
963,river,река,өзен
964,sky,небо,аспан
965,sun,солнце,күн
966,moon,луна,ай
967,star,звезда,жұлдыз
968,forest,лес,орман
969,mountain,гора,тау
970,field,поле,"дала, алаң"
971,rain,дождь,жаңбыр
972,snow,снег,қар
973,rainbow,радуга,кемпірқосақ
974,tree,дерево,ағаш
975,plant,растение,өсімдік
976,area,"область, среда",аймақ
977,animal,животное,жануар
978,dog,собака,ит
979,cat,"кот, кошка",мысық
980,bird,птица,құс
981,cow,корова,сиыр
982,pig,свинья,шошқа
983,fox,лиса,түлкі
984,bear,медведь,аю
985,hare,заяц,қоян
986,hi,привет,сәлем
987,hello,здравствуйте,сәлеметсіз бе
988,thank you,спасибо тебе,рахмет саған
989,you are welcome,(в ответ на благодарность),оқасы жоқ (алғысқа жауап)
990,please,(при выражении просьбы),өтінемін
991,sorry,(при выражении сожаления),кешіріңіз
992,how are you,Как ты? Как дела?,Қалайсың? Қалың қалай?
993,welcome,добро пожаловать,қош келдіңіз
994,nice to meet you / nice to see you,рад знакомству (встрече) с вами,танысқаныма қуаныштымын
995,bye,пока,сау бол
996,goodbye,до свидания,қош бол
997,good luck,удачи,сәттілік
998,have a nice day,отличного дня вам,күніңіз сәтті өтсін
999,same to you,и вам также,өзіңізге де
1000,I have to go,"я должен идти, я вынужден вас покинуть",маған кетуім керек
